Species,Taxonomic Group,Clade/Order,ECHC Glu138,match,ECHC Cys283,match,ECHC His286,match,ECHC Cys294,match,DEDD Asp119(anc.),match,DEDD Glu121(anc.),match,DEDD Asp298(anc.),match
Acanthamoeba castellani,Amoebozoa/Outgroup,Tubulinea,E,Y,C,Y,H,Y,A,n,D,Y,N,n,A,n
Ceratiomyxa fruticulosa,Amoebozoa/Outgroup,Myxogastria,E,Y,C,Y,H,Y,C,Y,D,Y,E,Y,D,Y
Dermamoeba algensis,Amoebozoa/Outgroup,Discosea,E,Y,C,Y,H,Y,C,Y,D,Y,E,Y,D,Y
Filamoeba P014044,Amoebozoa/Outgroup,Filamoebidae,E,Y,C,Y,H,Y,C,Y,D,Y,E,Y,D,Y
Filamoeba P010183,Amoebozoa/Outgroup,Filamoebidae,E,Y,C,Y,H,Y,C,Y,D,Y,E,Y,D,Y
Rhizamoeba saxonica,Amoebozoa/Outgroup,Discosea,E,Y,C,Y,H,Y,C,Y,D,Y,E,Y,D,Y
Flabellula baltica,Amoebozoa/Outgroup,Discosea,E,Y,C,Y,H,Y,C,Y,D,Y,E,Y,N,n
Dictyostelium discoideum,Amoebozoa/Outgroup,Dictyosteliida,D,n,C,Y,-,n,R,n,-,n,E,Y,D,Y
Soliformovum irregulare,Amoebozoa/Outgroup,Cutosea,E,Y,C,Y,H,Y,C,Y,D,Y,Q,n,Q,n
Geotrypetes seraphini,Amphibia,Gymnophiona,E,Y,C,Y,H,Y,C,Y,N,n,F,n,V,n
Leptobrachium leishanense,Amphibia,Anura,E,Y,C,Y,H,Y,C,Y,N,n,Y,n,S,n
Xenopus laevis,Amphibia,Anura,E,Y,C,Y,H,Y,C,Y,N,n,F,n,S,n
Xenopus tropicalis,Amphibia,Anura,E,Y,C,Y,H,Y,C,Y,N,n,F,n,S,n
Capitella teleta,Annelida,Capitellida,E,Y,C,Y,H,Y,C,Y,S,n,Q,n,V,n
Columba livia,Aves,Columbiformes,E,Y,C,Y,H,Y,C,Y,N,n,Y,n,S,n
Corvus moneduloides,Aves,Passeriformes,E,Y,C,Y,H,Y,C,Y,D,Y,Y,n,S,n
Dromaius novaehollandiae,Aves,Casuariiformes,E,Y,C,Y,H,Y,C,Y,N,n,Y,n,S,n
Falco tinnunculus,Aves,Falconiformes,E,Y,C,Y,H,Y,C,Y,N,n,Y,n,S,n
Gallus gallus,Aves,Galliformes,E,Y,C,Y,H,Y,C,Y,N,n,Y,n,S,n
Melopsittacus undulatus,Aves,Psittaciformes,E,Y,C,Y,H,Y,C,Y,N,n,Y,n,S,n
Strigops habroptila,Aves,Strigopiformes,E,Y,C,Y,H,Y,C,Y,N,n,Y,n,S,n
Taeniopygia guttata,Aves,Passeriformes,E,Y,C,Y,H,Y,C,Y,D,Y,Y,n,S,n
Ixodes scapularis,Chelicerata,Ixodida,E,Y,C,Y,H,Y,C,Y,S,n,N,n,E,n
Limulus polyphemus,Chelicerata,Xiphosura,E,Y,C,Y,H,Y,C,Y,C,n,N,n,R,n
Stegodyphus mimosarum,Chelicerata,Araneae,E,Y,C,Y,H,Y,C,Y,S,n,N,n,Y,n
Chiloscyllium punctatum,Chondrichthyes,Orectolobiformes,E,Y,C,Y,H,Y,C,Y,S,n,L,n,T,n
Hydra vulgaris,Cnidaria,Anthozoa/Hydrozoa,E,Y,C,Y,H,Y,C,Y,S,n,V,n,F,n
Daphnia pulex,Crustacea,Cladocera,E,Y,C,Y,H,Y,C,Y,H,n,N,n,K,n
Strongylocentrotus purpuratus,Echinodermata,Echinoida,E,Y,C,Y,H,Y,C,Y,A,n,K,n,T,n
Aedes aegypti,Insecta,Diptera,E,Y,C,Y,H,Y,C,Y,S,n,N,n,K,n
Apis mellifera,Insecta,Hymenoptera,E,Y,C,Y,H,Y,C,Y,H,n,N,n,I,n
Danaus plexippus,Insecta,Lepidoptera,E,Y,C,Y,H,Y,C,Y,D,Y,N,n,R,n
Drosophila mojavensis,Insecta,Diptera,E,Y,C,Y,H,Y,C,Y,A,n,N,n,I,n
Nasonia vitripennis,Insecta,Hymenoptera,E,Y,C,Y,H,Y,C,Y,H,n,N,n,Y,n
Tribolium castaneum,Insecta,Coleoptera,E,Y,C,Y,H,Y,C,Y,H,n,N,n,I,n
Camelus dromedarius,Mammalia,Cetartiodactyla,-,n,C,Y,H,Y,C,Y,-,n,-,n,V,n
Canis lupus familiaris,Mammalia,Carnivora,E,Y,C,Y,H,Y,C,Y,N,n,F,n,V,n
Capra hircus,Mammalia,Cetartiodactyla,E,Y,C,Y,H,Y,C,Y,N,n,F,n,V,n
Carlito syrichta,Mammalia,Primates,E,Y,C,Y,H,Y,C,Y,N,n,F,n,V,n
Cavia porcellus,Mammalia,Rodentia,E,Y,C,Y,H,Y,C,Y,N,n,Y,n,V,n
Ceratotherium simum,Mammalia,Perissodactyla,E,Y,C,Y,H,Y,C,Y,N,n,F,n,V,n
Chlorocebus sabaeus,Mammalia,Primates,E,Y,C,Y,H,Y,C,Y,N,n,F,n,V,n
Chrysochloris asiatica,Mammalia,Afrotheria,E,Y,C,Y,H,Y,C,Y,N,n,F,n,V,n
Daubentonia madagascariensis,Mammalia,Primates,E,Y,C,Y,H,Y,C,Y,N,n,F,n,V,n
Dipodomys ordii,Mammalia,Rodentia,E,Y,C,Y,H,Y,C,Y,N,n,F,n,V,n
Echinops telfairi,Mammalia,Afrotheria,E,Y,C,Y,H,Y,C,Y,N,n,F,n,V,n
Equus caballus,Mammalia,Perissodactyla,E,Y,C,Y,H,Y,C,Y,N,n,F,n,V,n
Erinaceus europaeus,Mammalia,Eulipotyphla,E,Y,C,Y,H,Y,C,Y,N,n,F,n,V,n
Felis catus,Mammalia,Carnivora,E,Y,C,Y,H,Y,C,Y,N,n,F,n,V,n
Gorilla gorilla,Mammalia,Primates,E,Y,C,Y,H,Y,C,Y,N,n,F,n,V,n
Heterocephalus glaber,Mammalia,Rodentia,E,Y,C,Y,H,Y,C,Y,N,n,Y,n,V,n
Homo sapiens,Mammalia,Primates,E,Y,C,Y,H,Y,C,Y,N,n,F,n,V,n
Ictidomys tridecemlineatus,Mammalia,Rodentia,E,Y,C,Y,H,Y,C,Y,N,n,F,n,V,n
Loxodonta africana,Mammalia,Afrotheria,E,Y,C,Y,H,Y,C,Y,N,n,F,n,V,n
Macaca mulatta,Mammalia,Primates,E,Y,C,Y,H,Y,C,Y,N,n,F,n,V,n
Monodelphis domestica,Mammalia,Marsupialia,E,Y,C,Y,H,Y,C,Y,N,n,F,n,V,n
Mus musculus,Mammalia,Rodentia,E,Y,C,Y,H,Y,C,Y,N,n,F,n,V,n
Mustela putorius furo,Mammalia,Carnivora,E,Y,C,Y,H,Y,C,Y,N,n,F,n,V,n
Myotis lucifugus,Mammalia,Chiroptera,E,Y,C,Y,H,Y,C,Y,N,n,F,n,V,n
Ornithorhynchus anatinus,Mammalia,Monotremata,E,Y,C,Y,H,Y,C,Y,N,n,F,n,V,n
Oryctolagus cuniculus,Mammalia,Lagomorpha,E,Y,C,Y,H,Y,C,Y,N,n,F,n,V,n
Rattus norvegicus,Mammalia,Rodentia,E,Y,C,Y,H,Y,C,Y,N,n,F,n,V,n
Rhinolophus ferrumequinum,Mammalia,Chiroptera,E,Y,C,Y,H,Y,C,Y,N,n,F,n,V,n
Saimiri boliviensis,Mammalia,Primates,E,Y,C,Y,H,Y,C,Y,N,n,F,n,V,n
Sarcophilus harrisii,Mammalia,Marsupialia,E,Y,C,Y,H,Y,C,Y,N,n,F,n,V,n
Sus scrofa,Mammalia,Cetartiodactyla,E,Y,C,Y,H,Y,C,Y,N,n,F,n,V,n
Trichechus manatus latirostris,Mammalia,Afrotheria,E,Y,C,Y,H,Y,C,Y,N,n,F,n,V,n
Tursiops truncatus,Mammalia,Cetartiodactyla,E,Y,C,Y,H,Y,C,Y,N,n,F,n,V,n
Ursus maritimus,Mammalia,Carnivora,E,Y,C,Y,H,Y,C,Y,N,n,F,n,V,n
Vombatus ursinus,Mammalia,Marsupialia,E,Y,C,Y,H,Y,C,Y,N,n,F,n,V,n
Mizuhopecten yessoensis,Mollusca,Bivalvia/Pectinida,E,Y,C,Y,H,Y,C,Y,N,n,Q,n,I,n
Anolis carolinensis,Reptilia,Squamata,E,Y,C,Y,H,Y,C,Y,N,n,L,n,T,n
Chelonoidis abingdonii,Reptilia,Testudines,E,Y,C,Y,H,Y,C,Y,N,n,Y,n,S,n
Chrysemys picta bellii,Reptilia,Testudines,E,Y,C,Y,H,Y,C,Y,N,n,Y,n,S,n
Crocodylus porosus,Reptilia,Crocodylia,E,Y,C,Y,H,Y,C,Y,N,n,L,n,S,n
Crotalus adamanteus,Reptilia,Squamata,E,Y,C,Y,H,Y,C,Y,N,n,F,n,T,n
Naja naja,Reptilia,Squamata,E,Y,C,Y,H,Y,C,Y,N,n,F,n,T,n
Sphenodon punctatus,Reptilia,Rhynchocephalia,E,Y,C,Y,H,Y,C,Y,N,n,F,n,S,n
Varanus komodoensis,Reptilia,Squamata,E,Y,C,Y,H,Y,C,Y,N,n,F,n,T,n
Latimeria chalumnae,Sarcopterygii,Coelacanthiformes,E,Y,C,Y,H,Y,C,Y,E,n,L,n,V,n
Ciona savignyi,Tunicata,Ascidiacea,E,Y,-,n,-,n,-,n,S,n,Q,n,-,n
